{
    "J0910+1014_242_34": {
        "Creation_date": "2016-Sep-23",
        "NHI_mnx": [
            15.0,
            18.0
        ],
        "NHI_orig": 15.3,
        "analy_type": "Vary_Conti",
        "cdict": {
            "analy": [
                [
                    1157.3,
                    1159.95
                ],
                [
                    1162.68,
                    1165.8
                ]
            ],
            "best": 6.374493444755829e-16,
            "fit_val": [
                6.374493444755829e-16,
                6.185152055307635e-16,
                6.536786064282851e-16
            ],
            "sig": 1.0109477758037442e-16,
            "type": "Fit_const",
            "value": [
                6.739651838691628e-16
            ]
        },
        "comments": "CIII, possible SiII",
        "fit_NHI": [
            16.5752508361204,
            16.505016722408026,
            16.615384615384617
        ],
        "flag_NHI": 1,
        "galaxy": "242_34",
        "lls_wv": [
            1120.0,
            1150
        ],
        "neval": 300,
        "quasar": "J0910+1014",
        "spec_fil": "j0910+1014/j0910+1014bbin3.fits",
        "z": 0.264
    },
    "J0910+1014_34_46": {
        "analy_type": "NHI_Hand",
        "elogn": 1.25,
        "fit_NHI": [
            17.25,
            16.0,
            18.5
        ],
        "flag": -3,
        "flag_NHI": 1,
        "logn": 17.25,
        "z": 0.14273791015148163
    },
    "J0943+0531_106_34": {
        "Creation_date": "2016-Sep-23",
        "NHI_mnx": [
            15.0,
            18.0
        ],
        "NHI_orig": 15.923076923076923,
        "analy_type": "Vary_Conti",
        "cdict": {
            "analy": [
                [
                    1127.04,
                    1132.19
                ],
                [
                    1136.35,
                    1140.84
                ]
            ],
            "best": 1.959348702313873e-15,
            "fit_val": [
                1.959348702313873e-15,
                1.8538340377165664e-15,
                2.0560704781947374e-15
            ],
            "sig": 2.629073726216222e-16,
            "type": "Fit_const",
            "value": [
                1.7527158174774812e-15
            ]
        },
        "comments": "CIII, possible SiII",
        "fit_NHI": [
            16.03344481605351,
            15.17056856187291,
            16.244147157190636
        ],
        "flag_NHI": 3,
        "galaxy": "106_34",
        "lls_wv": [
            1090,
            1119
        ],
        "neval": 300,
        "quasar": "J0943+0531",
        "spec_fil": "j0943+0531/j0943+0531bbin3.fits",
        "z": 0.22838585078716278
    },
    "J0943+0531_227_19": {
        "Creation_date": "2016-Sep-23",
        "NHI_mnx": [
            15.0,
            18.0
        ],
        "NHI_orig": 16.279767990112305,
        "analy_type": "Fixed_Conti",
        "cdict": {
            "type": "Fixed",
            "value": 2.0122991374073567e-15
        },
        "comments": "OVI, CIII",
        "fit_NHI": [
            16.64655687740931,
            0.0,
            16.64655687740931
        ],
        "flag_NHI": 3,
        "galaxy": "227_19",
        "lls_wv": [
            1120.0,
            1150
        ],
        "neval": 300,
        "quasar": "J0943+0531",
        "spec_fil": [
            "j0943+0531/j0943+0531bbin3.fits",
            "j0943+0531/j0943+0531abin3.fits"
        ],
        "z": 0.35295170545578003
    },
    "J0950+4831_177_27": {
        "analy_type": "NHI_Hand",
        "elogn": 0.3,
        "fit_NHI": [
            18.2,
            17.9,
            18.5
        ],
        "flag": -3,
        "flag_NHI": 1,
        "logn": 18.2,
        "z": 0.2119358479976654
    },
    "J1009+0713_170_9": {
        "analy_type": "NHI_Hand",
        "elogn": 0.5,
        "fit_NHI": [
            18.5,
            18.0,
            19.0
        ],
        "flag": -3,
        "flag_NHI": 1,
        "logn": 18.5,
        "z": 0.3556865155696869
    },
    "J1009+0713_204_17": {
        "analy_type": "NHI_Hand",
        "elogn": 1.0,
        "fit_NHI": [
            17.5,
            16.5,
            18.5
        ],
        "flag": -3,
        "flag_NHI": 1,
        "logn": 17.5,
        "z": 0.2278413623571396
    },
    "J1016+4706_274_6": {
        "Creation_date": "2016-Sep-23",
        "NHI_mnx": [
            15.0,
            18.0
        ],
        "NHI_orig": 17.096989966555185,
        "analy_type": "Vary_Conti",
        "cdict": {
            "analy": [
                [
                    1161.417,
                    1164.6869
                ],
                [
                    1166.9197,
                    1173.339
                ],
                [
                    1176.0105,
                    1184.3836
                ]
            ],
            "best": 3.570333827622734e-15,
            "fit_val": [
                3.570333827622734e-15,
                3.4991170624440888e-15,
                3.62730723976565e-15
            ],
            "sig": 5.323453197103711e-16,
            "type": "Fit_const",
            "value": [
                3.5489687980691406e-15
            ]
        },
        "comments": "OVI, CIII, MgII",
        "fit_NHI": [
            17.096989966555185,
            17.076923076923077,
            17.107023411371237
        ],
        "flag_NHI": 1,
        "galaxy": "274_6",
        "lls_wv": [
            1115.0,
            1130
        ],
        "neval": 300,
        "quasar": "J1016+4706",
        "spec_fil": "j1016+4706/j1016+4706bbin4.fits",
        "z": 0.25195473432540894
    },
    "J1016+4706_359_16": {
        "analy_type": "NHI_Hand",
        "elogn": 1.0,
        "fit_NHI": [
            17.5,
            16.5,
            18.5
        ],
        "flag": -3,
        "flag_NHI": 1,
        "logn": 17.5,
        "z": 0.16613712906837463
    },
    "J1112+3539_236_14": {
        "analy_type": "NHI_Hand",
        "elogn": 0.9,
        "fit_NHI": [
            16.7,
            15.799999999999999,
            17.599999999999998
        ],
        "flag": -3,
        "flag_NHI": 1,
        "logn": 16.7,
        "z": 0.2467043250799179
    },
    "J1133+0327_110_5": {
        "analy_type": "NHI_Hand",
        "elogn": 0.06,
        "fit_NHI": [
            18.6,
            18.540000000000003,
            18.66
        ],
        "flag": 0,
        "flag_NHI": 1,
        "logn": 18.6,
        "z": 0.236700639128685
    },
    "J1133+0327_164_21": {
        "analy_type": "NHI_Hand",
        "elogn": 1.1,
        "fit_NHI": [
            16.900000000000002,
            15.800000000000002,
            18.000000000000004
        ],
        "flag": -3,
        "flag_NHI": 1,
        "logn": 16.900000000000002,
        "z": 0.15448762476444244
    },
    "J1157-0022_230_7": {
        "Creation_date": "2016-Sep-23",
        "NHI_mnx": [
            15.0,
            19.0
        ],
        "NHI_orig": 16.97993311036789,
        "analy_type": "Vary_Conti",
        "cdict": {
            "analy": [
                [
                    1095.876,
                    1101.428
                ],
                [
                    1118.985,
                    1130.689
                ]
            ],
            "best": 1.4466889124874727e-15,
            "fit_val": [
                1.4466889124874727e-15,
                1.004852221431376e-15,
                1.9668257766421185e-15
            ],
            "sig": 2.0903349782559004e-16,
            "type": "Fit_const",
            "value": [
                1.3935566521706004e-15
            ]
        },
        "comments": "weak CIII",
        "fit_NHI": [
            16.672240802675585,
            15.066889632107024,
            17.006688963210703
        ],
        "flag_NHI": 3,
        "galaxy": "230_7",
        "lls_wv": [
            1050.0,
            1063
        ],