{
    "CreationDate": "2016-Nov-17",
    "DEC": -8.951099999999999,
    "RA": 28.87508333333333,
    "components": {
        "CIV_z0.00534": {
            "A": null,
            "DEC": -8.951099999999999,
            "Ej": 0.0,
            "Name": "CIV_z0.00534",
            "RA": 28.87508333333333,
            "Zion": [
                6,
                4
            ],
            "comment": "",
            "flag_N": 1,
            "lines": {},
            "logN": 13.78,
            "sig_logN": 0.07,
            "vlim": [
                -48.083261120685236,
                48.083261120685236
            ],
            "zcomp": 0.005342552297496424
        },
        "CIV_z0.00556": {
            "A": null,
            "DEC": -8.951099999999999,
            "Ej": 0.0,
            "Name": "CIV_z0.00556",
            "RA": 28.87508333333333,
            "Zion": [
                6,
                4
            ],
            "comment": "",
            "flag_N": 1,
            "lines": {},
            "logN": 13.02,
            "sig_logN": 0.32,
            "vlim": [
                -22.627416997969522,
                22.627416997969522
            ],
            "zcomp": 0.005560554946515699
        },
        "CIV_z0.05430": {
            "A": null,
            "DEC": -8.951099999999999,
            "Ej": 0.0,
            "Name": "CIV_z0.05430",
            "RA": 28.87508333333333,
            "Zion": [
                6,
                4
            ],
            "comment": "",
            "flag_N": 1,
            "lines": {},
            "logN": 13.75,
            "sig_logN": 0.29,
            "vlim": [
                -9.899494936611665,
                9.899494936611665
            ],
            "zcomp": 0.05430065197063763
        },
        "HI_z0.03901": {
            "A": null,
            "DEC": -8.951099999999999,
            "Ej": 0.0,
            "Name": "HI_z0.03901",
            "RA": 28.87508333333333,
            "Zion": [
                1,
                1
            ],
            "comment": "",
            "flag_N": 2,
            "lines": {},
            "logN": 14.35,
            "sig_logN": 9999.0,
            "vlim": [
                -14140.721410168579,
                14140.721410168579
            ],
            "zcomp": 0.039005515192980615
        },
        "HI_z0.08932": {
            "A": null,
            "DEC": -8.951099999999999,
            "Ej": 0.0,
            "Name": "HI_z0.08932",
            "RA": 28.87508333333333,
            "Zion": [
                1,
                1
            ],
            "comment": "",
            "flag_N": 2,
            "lines": {},
            "logN": 14.15,
            "sig_logN": 9999.0,
            "vlim": [
                -14140.721410168579,
                14140.721410168579
            ],
            "zcomp": 0.08931947636014245
        }
    },
    "em_type": null,
    "name": "J015530.02-085703.96",
    "sl_type": "IGM",
    "user": "xavier",
    "zem": 0.165
}