{
    "CreationDate": "2016-Nov-18",
    "DEC": 29.32732222222222,
    "RA": 117.80129166666666,
    "class": "IGMSightline",
    "components": {
        "CIV_z0.06018": {
            "A": null,
            "DEC": 29.32732222222222,
            "Ej": 0.0,
            "Name": "CIV_z0.06018",
            "RA": 117.80129166666666,
            "Zion": [
                6,
                4
            ],
            "class": "AbsComponent",
            "comment": "",
            "flag_N": 1,
            "lines": {},
            "logN": 13.62,
            "sig_logN": 0.03,
            "vlim": [
                -21.213203435596427,
                21.213203435596427
            ],
            "zcomp": 0.06018389759765071
        },
        "CIV_z0.06035": {
            "A": null,
            "DEC": 29.32732222222222,
            "Ej": 0.0,
            "Name": "CIV_z0.06035",
            "RA": 117.80129166666666,
            "Zion": [
                6,
                4
            ],
            "class": "AbsComponent",
            "comment": "",
            "flag_N": 1,
            "lines": {},
            "logN": 13.21,
            "sig_logN": 0.06,
            "vlim": [
                -21.213203435596427,
                21.213203435596427
            ],
            "zcomp": 0.0603501246946646
        },
        "HI_z0.06029": {
            "A": null,
            "DEC": 29.32732222222222,
            "Ej": 0.0,
            "Name": "HI_z0.06029",
            "RA": 117.80129166666666,
            "Zion": [
                1,
                1
            ],
            "class": "AbsComponent",
            "comment": "",
            "flag_N": 2,
            "lines": {},
            "logN": 14.7,
            "sig_logN": 9999.0,
            "vlim": [
                -100.0,
                100.0
            ],
            "zcomp": 0.06029
        }
    },
    "em_type": null,
    "name": "J075112.31+291938.36",
    "sl_type": "IGM",
    "user": "xavier",
    "zem": 0.914861
}