{
    "CreationDate": "2016-Nov-17",
    "DEC": 25.285800000000002,
    "RA": 164.9950833333333,
    "components": {
        "CII_z0.07886": {
            "A": null,
            "DEC": 25.285800000000002,
            "Ej": 0.0,
            "Name": "CII_z0.07886",
            "RA": 164.9950833333333,
            "Zion": [
                6,
                2
            ],
            "comment": "",
            "flag_N": 1,
            "lines": {},
            "logN": 13.97,
            "sig_logN": 0.05,
            "vlim": [
                -72.12489168102785,
                72.12489168102785
            ],
            "zcomp": 0.07885799311442317
        },
        "CII_z0.11883": {
            "A": null,
            "DEC": 25.285800000000002,
            "Ej": 0.0,
            "Name": "CII_z0.11883",
            "RA": 164.9950833333333,
            "Zion": [
                6,
                2
            ],
            "comment": "",
            "flag_N": 1,
            "lines": {},
            "logN": 13.59,
            "sig_logN": 0.1,
            "vlim": [
                -31.112698372208094,
                31.112698372208094
            ],
            "zcomp": 0.11882880385443186
        },
        "CIV_z0.07876": {
            "A": null,
            "DEC": 25.285800000000002,
            "Ej": 0.0,
            "Name": "CIV_z0.07876",
            "RA": 164.9950833333333,
            "Zion": [
                6,
                4
            ],
            "comment": "",
            "flag_N": 1,
            "lines": {},
            "logN": 13.48,
            "sig_logN": 0.22,
            "vlim": [
                -12.727922061357857,
                12.727922061357857
            ],
            "zcomp": 0.07876442891942265
        },
        "CIV_z0.07896": {
            "A": null,
            "DEC": 25.285800000000002,
            "Ej": 0.0,
            "Name": "CIV_z0.07896",
            "RA": 164.9950833333333,
            "Zion": [
                6,
                4
            ],
            "comment": "",
            "flag_N": 1,
            "lines": {},
            "logN": 13.87,
            "sig_logN": 0.14,
            "vlim": [
                -49.49747468305833,
                49.49747468305833
            ],
            "zcomp": 0.07895515593230834
        },
        "CIV_z0.11881": {
            "A": null,
            "DEC": 25.285800000000002,
            "Ej": 0.0,
            "Name": "CIV_z0.11881",
            "RA": 164.9950833333333,
            "Zion": [
                6,
                4
            ],
            "comment": "",
            "flag_N": 1,
            "lines": {},
            "logN": 14.16,
            "sig_logN": 0.06,
            "vlim": [
                -35.35533905932738,
                35.35533905932738
            ],
            "zcomp": 0.11881014361181828
        },
        "HI_z0.11482": {
            "A": null,
            "DEC": 25.285800000000002,
            "Ej": 0.0,
            "Name": "HI_z0.11482",
            "RA": 164.9950833333333,
            "Zion": [
                1,
                1
            ],
            "comment": "",
            "flag_N": 2,
            "lines": {},
            "logN": 14.55,
            "sig_logN": 9999.0,
            "vlim": [
                -14140.721410168579,
                14140.721410168579
            ],
            "zcomp": 0.11482263022347279
        },
        "HI_z0.11872": {
            "A": null,
            "DEC": 25.285800000000002,
            "Ej": 0.0,
            "Name": "HI_z0.11872",
            "RA": 164.9950833333333,
            "Zion": [
                1,
                1
            ],
            "comment": "",
            "flag_N": 2,
            "lines": {},
            "logN": 14.43,
            "sig_logN": 0.13,
            "vlim": [
                -53.74011537017761,
                53.74011537017761
            ],
            "zcomp": 0.11871684239875041
        },
        "OVI_z0.11880": {
            "A": null,
            "DEC": 25.285800000000002,
            "Ej": 0.0,
            "Name": "OVI_z0.11880",
            "RA": 164.9950833333333,
            "Zion": [
                8,
                6
            ],
            "comment": "",
            "flag_N": 1,
            "lines": {},
            "logN": 13.95,
            "sig_logN": 0.11,
            "vlim": [
                -52.32590180780452,
                52.32590180780452
            ],
            "zcomp": 0.11880267951477286
        },
        "SiIII_z0.11874": {
            "A": null,
            "DEC": 25.285800000000002,
            "Ej": 0.0,
            "Name": "SiIII_z0.11874",
            "RA": 164.9950833333333,
            "Zion": [
                14,
                3
            ],
            "comment": "",
            "flag_N": 1,
            "lines": {},
            "logN": 12.91,
            "sig_logN": 0.06,
            "vlim": [
                -32.526911934581186,
                32.526911934581186
            ],
            "zcomp": 0.11873550264136398
        },
        "SiIV_z0.07888": {
            "A": null,
            "DEC": 25.285800000000002,
            "Ej": 0.0,
            "Name": "SiIV_z0.07888",
            "RA": 164.9950833333333,
            "Zion": [
                14,
                4
            ],
            "comment": "",
            "flag_N": 1,
            "lines": {},
            "logN": 13.38,
            "sig_logN": 0.05,
            "vlim": [
                -74.95331880577405,
                74.95331880577405
            ],
            "zcomp": 0.07887958485173098
        }
    },
    "em_type": null,
    "name": "J105958.82+251708.88",
    "sl_type": "IGM",
    "user": "xavier",
    "zem": 0.662
}