{
    "CreationDate": "2016-Nov-17",
    "DEC": 14.6953,
    "RA": 164.93849999999998,
    "class": "IGMSightline",
    "components": {
        "CII_z0.00236": {
            "A": null,
            "DEC": 14.6953,
            "Ej": 0.0,
            "Name": "CII_z0.00236",
            "RA": 164.93849999999998,
            "Zion": [
                6,
                2
            ],
            "class": "AbsComponent",
            "comment": "",
            "flag_N": 1,
            "lines": {},
            "logN": 13.46,
            "sig_logN": 0.11,
            "vlim": [
                -14.142135623730951,
                14.142135623730951
            ],
            "zcomp": 0.002359813162344464
        },
        "CIV_z0.00240": {
            "A": null,
            "DEC": 14.6953,
            "Ej": 0.0,
            "Name": "CIV_z0.00240",
            "RA": 164.93849999999998,
            "Zion": [
                6,
                4
            ],
            "class": "AbsComponent",
            "comment": "",
            "flag_N": 1,
            "lines": {},
            "logN": 14.06,
            "sig_logN": 0.04,
            "vlim": [
                -28.284271247461902,
                28.284271247461902
            ],
            "zcomp": 0.002399937720781488
        },
        "CIV_z0.13295": {
            "A": null,
            "DEC": 14.6953,
            "Ej": 0.0,
            "Name": "CIV_z0.13295",
            "RA": 164.93849999999998,
            "Zion": [
                6,
                4
            ],
            "class": "AbsComponent",
            "comment": "",
            "flag_N": 1,
            "lines": {},
            "logN": 13.57,
            "sig_logN": 0.11,
            "vlim": [
                -59.396969619669996,
                59.396969619669996
            ],
            "zcomp": 0.1329477898099091
        },
        "HI_z0.03585": {
            "A": null,
            "DEC": 14.6953,
            "Ej": 0.0,
            "Name": "HI_z0.03585",
            "RA": 164.93849999999998,
            "Zion": [
                1,
                1
            ],
            "class": "AbsComponent",
            "comment": "",
            "flag_N": 2,
            "lines": {},
            "logN": 14.15,
            "sig_logN": 9999.0,
            "vlim": [
                -14140.721410168579,
                14140.721410168579
            ],
            "zcomp": 0.03585378831765007
        },
        "HI_z0.17070": {
            "A": null,
            "DEC": 14.6953,
            "Ej": 0.0,
            "Name": "HI_z0.17070",
            "RA": 164.93849999999998,
            "Zion": [
                1,
                1
            ],
            "class": "AbsComponent",
            "comment": "",
            "flag_N": 2,
            "lines": {},
            "logN": 14.93,
            "sig_logN": 9999.0,
            "vlim": [
                -14140.721410168579,
                14140.721410168579
            ],
            "zcomp": 0.17069603092810293
        },
        "OVI_z0.13305": {
            "A": null,
            "DEC": 14.6953,
            "Ej": 0.0,
            "Name": "OVI_z0.13305",
            "RA": 164.93849999999998,
            "Zion": [
                8,
                6
            ],
            "class": "AbsComponent",
            "comment": "",
            "flag_N": 1,
            "lines": {},
            "logN": 14.26,
            "sig_logN": 0.04,
            "vlim": [
                -101.82337649086286,
                101.82337649086286
            ],
            "zcomp": 0.13304604331567274
        }
    },
    "em_type": null,
    "name": "J105945.24+144143.08",
    "sl_type": "IGM",
    "user": "xavier",
    "zem": 0.631
}