{
    "CreationDate": "2016-Nov-17",
    "DEC": 35.65783888888889,
    "RA": 168.1629583333333,
    "components": {
        "CIV_z0.01714": {
            "A": null,
            "DEC": 35.65783888888889,
            "Ej": 0.0,
            "Name": "CIV_z0.01714",
            "RA": 168.1629583333333,
            "Zion": [
                6,
                4
            ],
            "comment": "",
            "flag_N": 1,
            "lines": {},
            "logN": 13.68,
            "sig_logN": 0.5,
            "vlim": [
                -14140.721410168579,
                14140.721410168579
            ],
            "zcomp": 0.01714463072009637
        },
        "CIV_z0.01723": {
            "A": null,
            "DEC": 35.65783888888889,
            "Ej": 0.0,
            "Name": "CIV_z0.01723",
            "RA": 168.1629583333333,
            "Zion": [
                6,
                4
            ],
            "comment": "",
            "flag_N": 1,
            "lines": {},
            "logN": 14.05,
            "sig_logN": 0.1,
            "vlim": [
                -62.22539674441619,
                62.22539674441619
            ],
            "zcomp": 0.0172328542870815
        },
        "HI_z0.01709": {
            "A": null,
            "DEC": 35.65783888888889,
            "Ej": 0.0,
            "Name": "HI_z0.01709",
            "RA": 168.1629583333333,
            "Zion": [
                1,
                1
            ],
            "comment": "",
            "flag_N": 1,
            "lines": {},
            "logN": 13.48,
            "sig_logN": 0.27,
            "vlim": [
                -14.142135623730951,
                14.142135623730951
            ],
            "zcomp": 0.017093732508374176
        },
        "HI_z0.01730": {
            "A": null,
            "DEC": 35.65783888888889,
            "Ej": 0.0,
            "Name": "HI_z0.01730",
            "RA": 168.1629583333333,
            "Zion": [
                1,
                1
            ],
            "comment": "",
            "flag_N": 1,
            "lines": {},
            "logN": 13.36,
            "sig_logN": 0.13,
            "vlim": [
                -22.627416997969522,
                22.627416997969522
            ],
            "zcomp": 0.017304111783492566
        },
        "HI_z0.01775": {
            "A": null,
            "DEC": 35.65783888888889,
            "Ej": 0.0,
            "Name": "HI_z0.01775",
            "RA": 168.1629583333333,
            "Zion": [
                1,
                1
            ],
            "comment": "",
            "flag_N": 1,
            "lines": {},
            "logN": 13.15,
            "sig_logN": 0.18,
            "vlim": [
                -49.49747468305833,
                49.49747468305833
            ],
            "zcomp": 0.017748622832533034
        }
    },
    "em_type": null,
    "name": "J111239.11+353928.22",
    "sl_type": "IGM",
    "user": "xavier",
    "zem": 0.636
}