{
    "CreationDate": "2016-Nov-18",
    "DEC": 26.5713,
    "RA": 169.47629166666664,
    "class": "IGMSightline",
    "components": {
        "CII_z0.04733": {
            "A": null,
            "DEC": 26.5713,
            "Ej": 0.0,
            "Name": "CII_z0.04733",
            "RA": 169.47629166666664,
            "Zion": [
                6,
                2
            ],
            "class": "AbsComponent",
            "comment": "",
            "flag_N": 1,
            "lines": {},
            "logN": 14.05,
            "sig_logN": 0.08,
            "vlim": [
                -28.284271247461902,
                28.284271247461902
            ],
            "zcomp": 0.04733190109685814
        },
        "CII_z0.04749": {
            "A": null,
            "DEC": 26.5713,
            "Ej": 0.0,
            "Name": "CII_z0.04749",
            "RA": 169.47629166666664,
            "Zion": [
                6,
                2
            ],
            "class": "AbsComponent",
            "comment": "",
            "flag_N": 1,
            "lines": {},
            "logN": 14.51,
            "sig_logN": 0.19,
            "vlim": [
                -21.213203435596427,
                21.213203435596427
            ],
            "zcomp": 0.047492641231288074
        },
        "CIV_z0.04735": {
            "A": null,
            "DEC": 26.5713,
            "Ej": 0.0,
            "Name": "CIV_z0.04735",
            "RA": 169.47629166666664,
            "Zion": [
                6,
                4
            ],
            "class": "AbsComponent",
            "comment": "",
            "flag_N": 1,
            "lines": {},
            "logN": 13.91,
            "sig_logN": 0.08,
            "vlim": [
                -25.455844122715714,
                25.455844122715714
            ],
            "zcomp": 0.04735286720134901
        },
        "CIV_z0.04755": {
            "A": null,
            "DEC": 26.5713,
            "Ej": 0.0,
            "Name": "CIV_z0.04755",
            "RA": 169.47629166666664,
            "Zion": [
                6,
                4
            ],
            "class": "AbsComponent",
            "comment": "",
            "flag_N": 1,
            "lines": {},
            "logN": 14.12,
            "sig_logN": 0.08,
            "vlim": [
                -26.870057685088806,
                26.870057685088806
            ],
            "zcomp": 0.04755204519401218
        },
        "HI_z0.08252": {
            "A": null,
            "DEC": 26.5713,
            "Ej": 0.0,
            "Name": "HI_z0.08252",
            "RA": 169.47629166666664,
            "Zion": [
                1,
                1
            ],
            "class": "AbsComponent",
            "comment": "",
            "flag_N": 2,
            "lines": {},
            "logN": 14.52,
            "sig_logN": 9999.0,
            "vlim": [
                -14140.721410168579,
                14140.721410168579
            ],
            "zcomp": 0.08252001313401952
        },
        "SiIII_z0.04738": {
            "A": null,
            "DEC": 26.5713,
            "Ej": 0.0,
            "Name": "SiIII_z0.04738",
            "RA": 169.47629166666664,
            "Zion": [
                14,
                3
            ],
            "class": "AbsComponent",
            "comment": "",
            "flag_N": 1,
            "lines": {},
            "logN": 12.99,
            "sig_logN": 0.24,
            "vlim": [
                -33.941125496954285,
                33.941125496954285
            ],
            "zcomp": 0.04738082200733682
        },
        "SiIII_z0.04753": {
            "A": null,
            "DEC": 26.5713,
            "Ej": 0.0,
            "Name": "SiIII_z0.04753",
            "RA": 169.47629166666664,
            "Zion": [
                14,
                3
            ],
            "class": "AbsComponent",
            "comment": "",
            "flag_N": 1,
            "lines": {},
            "logN": 13.3,
            "sig_logN": 0.23,
            "vlim": [
                -22.627416997969522,
                22.627416997969522
            ],
            "zcomp": 0.047531079089521325
        },
        "SiII_z0.04751": {
            "A": null,
            "DEC": 26.5713,
            "Ej": 0.0,
            "Name": "SiII_z0.04751",
            "RA": 169.47629166666664,
            "Zion": [
                14,
                2
            ],
            "class": "AbsComponent",
            "comment": "",
            "flag_N": 1,
            "lines": {},
            "logN": 13.44,
            "sig_logN": 0.04,
            "vlim": [
                -31.112698372208094,
                31.112698372208094
            ],
            "zcomp": 0.04751360733577894
        },
        "SiIV_z0.04752": {
            "A": null,
            "DEC": 26.5713,
            "Ej": 0.0,
            "Name": "SiIV_z0.04752",
            "RA": 169.47629166666664,
            "Zion": [
                14,
                4
            ],
            "class": "AbsComponent",
            "comment": "",
            "flag_N": 1,
            "lines": {},
            "logN": 13.43,
            "sig_logN": 0.04,
            "vlim": [
                -26.870057685088806,
                26.870057685088806
            ],
            "zcomp": 0.04752409038802437
        }
    },
    "em_type": null,
    "name": "J111754.31+263416.68",
    "sl_type": "IGM",
    "user": "xavier",
    "zem": 0.421
}