{
    "CreationDate": "2016-Nov-17",
    "DEC": 57.928599999999996,
    "RA": 170.68699999999998,
    "class": "IGMSightline",
    "components": {
        "CIV_z0.00647": {
            "A": null,
            "DEC": 57.928599999999996,
            "Ej": 0.0,
            "Name": "CIV_z0.00647",
            "RA": 170.68699999999998,
            "Zion": [
                6,
                4
            ],
            "class": "AbsComponent",
            "comment": "",
            "flag_N": 2,
            "lines": {},
            "logN": 14.33,
            "sig_logN": 0.07,
            "vlim": [
                -33.941125496954285,
                33.941125496954285
            ],
            "zcomp": 0.006470496770135559
        },
        "CIV_z0.05316": {
            "A": null,
            "DEC": 57.928599999999996,
            "Ej": 0.0,
            "Name": "CIV_z0.05316",
            "RA": 170.68699999999998,
            "Zion": [
                6,
                4
            ],
            "class": "AbsComponent",
            "comment": "",
            "flag_N": 1,
            "lines": {},
            "logN": 13.73,
            "sig_logN": 0.11,
            "vlim": [
                -42.42640687119285,
                42.42640687119285
            ],
            "zcomp": 0.05316
        },
        "HI_z0.00586": {
            "A": null,
            "DEC": 57.928599999999996,
            "Ej": 0.0,
            "Name": "HI_z0.00586",
            "RA": 170.68699999999998,
            "Zion": [
                1,
                1
            ],
            "class": "AbsComponent",
            "comment": "",
            "flag_N": 1,
            "lines": {},
            "logN": 13.86,
            "sig_logN": 0.15,
            "vlim": [
                -33.941125496954285,
                33.941125496954285
            ],
            "zcomp": 0.00585616777323998
        },
        "HI_z0.00614": {
            "A": null,
            "DEC": 57.928599999999996,
            "Ej": 0.0,
            "Name": "HI_z0.00614",
            "RA": 170.68699999999998,
            "Zion": [
                1,
                1
            ],
            "class": "AbsComponent",
            "comment": "",
            "flag_N": 1,
            "lines": {},
            "logN": 12.97,
            "sig_logN": 0.22,
            "vlim": [
                -14140.721410168579,
                14140.721410168579
            ],
            "zcomp": 0.0061415118428362865
        },
        "HI_z0.03997": {
            "A": null,
            "DEC": 57.928599999999996,
            "Ej": 0.0,
            "Name": "HI_z0.03997",
            "RA": 170.68699999999998,
            "Zion": [
                1,
                1
            ],
            "class": "AbsComponent",
            "comment": "",
            "flag_N": 2,
            "lines": {},
            "logN": 14.03,
            "sig_logN": 9999.0,
            "vlim": [
                -14140.721410168579,
                14140.721410168579
            ],
            "zcomp": 0.03996653355168795
        },
        "HI_z0.05312": {
            "A": null,
            "DEC": 57.928599999999996,
            "Ej": 0.0,
            "Name": "HI_z0.05312",
            "RA": 170.68699999999998,
            "Zion": [
                1,
                1
            ],
            "class": "AbsComponent",
            "comment": "",
            "flag_N": 2,
            "lines": {},
            "logN": 15.32,
            "sig_logN": 2.33,
            "vlim": [
                -26.870057685088806,
                26.870057685088806
            ],
            "zcomp": 0.05312487036375011
        },
        "SiIII_z0.05322": {
            "A": null,
            "DEC": 57.928599999999996,
            "Ej": 0.0,
            "Name": "SiIII_z0.05322",
            "RA": 170.68699999999998,
            "Zion": [
                14,
                3
            ],
            "class": "AbsComponent",
            "comment": "",
            "flag_N": 1,
            "lines": {},
            "logN": 12.72,
            "sig_logN": 0.1,
            "vlim": [
                -22.627416997969522,
                22.627416997969522
            ],
            "zcomp": 0.053216207417999824
        }
    },
    "em_type": null,
    "name": "J112244.88+575542.96",
    "sl_type": "IGM",
    "user": "xavier",
    "zem": 0.906
}