{
    "CreationDate": "2016-Nov-18",
    "DEC": 54.62585555555555,
    "RA": 177.83524999999997,
    "class": "IGMSightline",
    "components": {
        "CIV_z0.00346": {
            "A": null,
            "DEC": 54.62585555555555,
            "Ej": 0.0,
            "Name": "CIV_z0.00346",
            "RA": 177.83524999999997,
            "Zion": [
                6,
                4
            ],
            "class": "AbsComponent",
            "comment": "",
            "flag_N": 1,
            "lines": {},
            "logN": 13.66,
            "sig_logN": 0.03,
            "vlim": [
                -15.556349186104047,
                15.556349186104047
            ],
            "zcomp": 0.0034565271766109607
        },
        "HI_z0.00349": {
            "A": null,
            "DEC": 54.62585555555555,
            "Ej": 0.0,
            "Name": "HI_z0.00349",
            "RA": 177.83524999999997,
            "Zion": [
                1,
                1
            ],
            "class": "AbsComponent",
            "comment": "",
            "flag_N": 2,
            "lines": {},
            "logN": 14.17,
            "sig_logN": 9999.0,
            "vlim": [
                -100.0,
                100.0
            ],
            "zcomp": 0.00349
        },
        "HI_z0.00393": {
            "A": null,
            "DEC": 54.62585555555555,
            "Ej": 0.0,
            "Name": "HI_z0.00393",
            "RA": 177.83524999999997,
            "Zion": [
                1,
                1
            ],
            "class": "AbsComponent",
            "comment": "",
            "flag_N": 1,
            "lines": {},
            "logN": 13.5,
            "sig_logN": 0.02,
            "vlim": [
                -41.01219330881976,
                41.01219330881976
            ],
            "zcomp": 0.00393184126873532
        }
    },
    "em_type": null,
    "name": "J115120.46+543733.08",
    "sl_type": "IGM",
    "user": "xavier",
    "zem": 0.975414
}