{
    "CreationDate": "2016-Nov-17",
    "DEC": 31.9517,
    "RA": 182.65649999999997,
    "components": {
        "CII_z0.05976": {
            "A": null,
            "DEC": 31.9517,
            "Ej": 0.0,
            "Name": "CII_z0.05976",
            "RA": 182.65649999999997,
            "Zion": [
                6,
                2
            ],
            "comment": "",
            "flag_N": 1,
            "lines": {},
            "logN": 14.1,
            "sig_logN": 0.06,
            "vlim": [
                -26.870057685088806,
                26.870057685088806
            ],
            "zcomp": 0.05976150987354058
        },
        "CII_z0.14963": {
            "A": null,
            "DEC": 31.9517,
            "Ej": 0.0,
            "Name": "CII_z0.14963",
            "RA": 182.65649999999997,
            "Zion": [
                6,
                2
            ],
            "comment": "",
            "flag_N": 1,
            "lines": {},
            "logN": 14.19,
            "sig_logN": 0.05,
            "vlim": [
                -57.9827560572969,
                57.9827560572969
            ],
            "zcomp": 0.14962834619481988
        },
        "CIV_z0.05980": {
            "A": null,
            "DEC": 31.9517,
            "Ej": 0.0,
            "Name": "CIV_z0.05980",
            "RA": 182.65649999999997,
            "Zion": [
                6,
                4
            ],
            "comment": "",
            "flag_N": 2,
            "lines": {},
            "logN": 14.38,
            "sig_logN": 0.08,
            "vlim": [
                -29.698484809834998,
                29.698484809834998
            ],
            "zcomp": 0.059803935623957555
        },
        "CIV_z0.07370": {
            "A": null,
            "DEC": 31.9517,
            "Ej": 0.0,
            "Name": "CIV_z0.07370",
            "RA": 182.65649999999997,
            "Zion": [
                6,
                4
            ],
            "comment": "",
            "flag_N": 1,
            "lines": {},
            "logN": 13.75,
            "sig_logN": 0.05,
            "vlim": [
                -35.35533905932738,
                35.35533905932738
            ],
            "zcomp": 0.07370418388884219
        },
        "CIV_z0.07814": {
            "A": null,
            "DEC": 31.9517,
            "Ej": 0.0,
            "Name": "CIV_z0.07814",
            "RA": 182.65649999999997,
            "Zion": [
                6,
                4
            ],
            "comment": "",
            "flag_N": 1,
            "lines": {},
            "logN": 13.66,
            "sig_logN": 0.07,
            "vlim": [
                -12.727922061357857,
                12.727922061357857
            ],
            "zcomp": 0.07813684294366072
        },
        "CIV_z0.14956": {
            "A": null,
            "DEC": 31.9517,
            "Ej": 0.0,
            "Name": "CIV_z0.14956",
            "RA": 182.65649999999997,
            "Zion": [
                6,
                4
            ],
            "comment": "",
            "flag_N": 2,
            "lines": {},
            "logN": 14.33,
            "sig_logN": 0.12,
            "vlim": [
                -52.32590180780452,
                52.32590180780452
            ],
            "zcomp": 0.1495593230441441
        },
        "HI_z0.07374": {
            "A": null,
            "DEC": 31.9517,
            "Ej": 0.0,
            "Name": "HI_z0.07374",
            "RA": 182.65649999999997,
            "Zion": [
                1,
                1
            ],
            "comment": "",
            "flag_N": 3,
            "lines": {},
            "logN": 0.0,
            "sig_logN": 0.0,
            "vlim": [
                -14140.721410168579,
                14140.721410168579
            ],
            "zcomp": 0.07374
        },
        "HI_z0.07775": {
            "A": null,
            "DEC": 31.9517,
            "Ej": 0.0,
            "Name": "HI_z0.07775",
            "RA": 182.65649999999997,
            "Zion": [
                1,
                1
            ],
            "comment": "",
            "flag_N": 1,
            "lines": {},
            "logN": 13.84,
            "sig_logN": 0.11,
            "vlim": [
                -31.112698372208094,
                31.112698372208094
            ],
            "zcomp": 0.07775202585796871
        },
        "HI_z0.07810": {
            "A": null,
            "DEC": 31.9517,
            "Ej": 0.0,
            "Name": "HI_z0.07810",
            "RA": 182.65649999999997,
            "Zion": [
                1,
                1
            ],
            "comment": "",
            "flag_N": 1,
            "lines": {},
            "logN": 13.89,
            "sig_logN": 0.12,
            "vlim": [
                -28.284271247461902,
                28.284271247461902
            ],
            "zcomp": 0.07809728230868303
        },
        "HI_z0.09526": {
            "A": null,
            "DEC": 31.9517,
            "Ej": 0.0,
            "Name": "HI_z0.09526",
            "RA": 182.65649999999997,
            "Zion": [
                1,
                1
            ],
            "comment": "",
            "flag_N": 2,
            "lines": {},
            "logN": 14.15,
            "sig_logN": 9999.0,
            "vlim": [
                -14140.721410168579,
                14140.721410168579
            ],
            "zcomp": 0.09526125653494591
        },
        "HI_z0.18793": {
            "A": null,
            "DEC": 31.9517,
            "Ej": 0.0,
            "Name": "HI_z0.18793",
            "RA": 182.65649999999997,
            "Zion": [
                1,
                1
            ],
            "comment": "",
            "flag_N": 2,
            "lines": {},
            "logN": 14.9,
            "sig_logN": 9999.0,
            "vlim": [
                -14140.721410168579,
                14140.721410168579
            ],
            "zcomp": 0.18793236020040238
        },
        "OVI_z0.14953": {
            "A": null,
            "DEC": 31.9517,
            "Ej": 0.0,
            "Name": "OVI_z0.14953",
            "RA": 182.65649999999997,
            "Zion": [
                8,
                6
            ],
            "comment": "",
            "flag_N": 1,
            "lines": {},
            "logN": 14.65,
            "sig_logN": 0.06,
            "vlim": [
                -63.63961030678928,
                63.63961030678928
            ],
            "zcomp": 0.1495286460882882
        },
        "SiIII_z0.05974": {
            "A": null,
            "DEC": 31.9517,
            "Ej": 0.0,
            "Name": "SiIII_z0.05974",
            "RA": 182.65649999999997,
            "Zion": [
                14,
                3
            ],
            "comment": "",
            "flag_N": 1,
            "lines": {},
            "logN": 13.09,
            "sig_logN": 0.13,
            "vlim": [
                -28.284271247461902,
                28.284271247461902
            ],
            "zcomp": 0.05974029699833209
        },
        "SiIII_z0.14961": {
            "A": null,
            "DEC": 31.9517,
            "Ej": 0.0,
            "Name": "SiIII_z0.14961",
            "RA": 182.65649999999997,
            "Zion": [
                14,
                3
            ],
            "comment": "",
            "flag_N": 2,
            "lines": {},
            "logN": 13.68,
            "sig_logN": 0.07,
            "vlim": [
                -53.74011537017761,
                53.74011537017761
            ],
            "zcomp": 0.14960533847792795
        },
        "SiII_z0.05970": {
            "A": null,
            "DEC": 31.9517,
            "Ej": 0.0,
            "Name": "SiII_z0.05970",
            "RA": 182.65649999999997,
            "Zion": [
                14,
                2
            ],
            "comment": "",
            "flag_N": 1,