{
    "CreationDate": "2016-Nov-17",
    "DEC": 36.961000000000006,
    "RA": 182.8107083333333,
    "components": {
        "CIV_z0.07775": {
            "A": null,
            "DEC": 36.961000000000006,
            "Ej": 0.0,
            "Name": "CIV_z0.07775",
            "RA": 182.8107083333333,
            "Zion": [
                6,
                4
            ],
            "comment": "",
            "flag_N": 1,
            "lines": {},
            "logN": 14.11,
            "sig_logN": 0.07,
            "vlim": [
                -33.941125496954285,
                33.941125496954285
            ],
            "zcomp": 0.07775202473125592
        },
        "HI_z0.11372": {
            "A": null,
            "DEC": 36.961000000000006,
            "Ej": 0.0,
            "Name": "HI_z0.11372",
            "RA": 182.8107083333333,
            "Zion": [
                1,
                1
            ],
            "comment": "",
            "flag_N": 2,
            "lines": {},
            "logN": 14.16,
            "sig_logN": 9999.0,
            "vlim": [
                -14140.721410168579,
                14140.721410168579
            ],
            "zcomp": 0.11371694243442243
        }
    },
    "em_type": null,
    "name": "J121114.57+365739.6",
    "sl_type": "IGM",
    "user": "xavier",
    "zem": 0.171
}