{
    "CreationDate": "2016-Nov-17",
    "DEC": 57.35205,
    "RA": 190.47508333333332,
    "components": {
        "CII_z0.14710": {
            "A": null,
            "DEC": 57.35205,
            "Ej": 0.0,
            "Name": "CII_z0.14710",
            "RA": 190.47508333333332,
            "Zion": [
                6,
                2
            ],
            "comment": "",
            "flag_N": 1,
            "lines": {},
            "logN": 13.96,
            "sig_logN": 0.06,
            "vlim": [
                -56.568542494923804,
                56.568542494923804
            ],
            "zcomp": 0.1471001350348847
        },
        "CIV_z0.14723": {
            "A": null,
            "DEC": 57.35205,
            "Ej": 0.0,
            "Name": "CIV_z0.14723",
            "RA": 190.47508333333332,
            "Zion": [
                6,
                4
            ],
            "comment": "",
            "flag_N": 2,
            "lines": {},
            "logN": 13.64,
            "sig_logN": 0.2,
            "vlim": [
                -41.01219330881976,
                41.01219330881976
            ],
            "zcomp": 0.14723025011603194
        },
        "HI_z0.18555": {
            "A": null,
            "DEC": 57.35205,
            "Ej": 0.0,
            "Name": "HI_z0.18555",
            "RA": 190.47508333333332,
            "Zion": [
                1,
                1
            ],
            "comment": "",
            "flag_N": 2,
            "lines": {},
            "logN": 17.86,
            "sig_logN": 9999.0,
            "vlim": [
                -14140.721410168579,
                14140.721410168579
            ],
            "zcomp": 0.1855453145997422
        },
        "OVI_z0.14723": {
            "A": null,
            "DEC": 57.35205,
            "Ej": 0.0,
            "Name": "OVI_z0.14723",
            "RA": 190.47508333333332,
            "Zion": [
                8,
                6
            ],
            "comment": "",
            "flag_N": 1,
            "lines": {},
            "logN": 14.45,
            "sig_logN": 0.04,
            "vlim": [
                -94.75230867899738,
                94.75230867899738
            ],
            "zcomp": 0.14722642320188054
        },
        "SiIII_z0.14711": {
            "A": null,
            "DEC": 57.35205,
            "Ej": 0.0,
            "Name": "SiIII_z0.14711",
            "RA": 190.47508333333332,
            "Zion": [
                14,
                3
            ],
            "comment": "",
            "flag_N": 1,
            "lines": {},
            "logN": 13.21,
            "sig_logN": 0.04,
            "vlim": [
                -62.22539674441619,
                62.22539674441619
            ],
            "zcomp": 0.14710778886318748
        },
        "SiIII_z0.14757": {
            "A": null,
            "DEC": 57.35205,
            "Ej": 0.0,
            "Name": "SiIII_z0.14757",
            "RA": 190.47508333333332,
            "Zion": [
                14,
                3
            ],
            "comment": "",
            "flag_N": 1,
            "lines": {},
            "logN": 12.65,
            "sig_logN": 0.1,
            "vlim": [
                -46.66904755831214,
                46.66904755831214
            ],
            "zcomp": 0.1475670185613542
        },
        "SiII_z0.14715": {
            "A": null,
            "DEC": 57.35205,
            "Ej": 0.0,
            "Name": "SiII_z0.14715",
            "RA": 190.47508333333332,
            "Zion": [
                14,
                2
            ],
            "comment": "",
            "flag_N": 1,
            "lines": {},
            "logN": 12.79,
            "sig_logN": 0.06,
            "vlim": [
                -39.59797974644666,
                39.59797974644666
            ],
            "zcomp": 0.14715371183300416
        }
    },
    "em_type": null,
    "name": "J124154.02+572107.38",
    "sl_type": "IGM",
    "user": "xavier",
    "zem": 0.583
}