{
    "CreationDate": "2016-Nov-17",
    "DEC": 18.7455,
    "RA": 205.69541666666663,
    "components": {
        "CIV_z0.08483": {
            "A": null,
            "DEC": 18.7455,
            "Ej": 0.0,
            "Name": "CIV_z0.08483",
            "RA": 205.69541666666663,
            "Zion": [
                6,
                4
            ],
            "comment": "",
            "flag_N": 1,
            "lines": {},
            "logN": 13.35,
            "sig_logN": 0.05,
            "vlim": [
                -33.941125496954285,
                33.941125496954285
            ],
            "zcomp": 0.08482683927599005
        },
        "HI_z0.08491": {
            "A": null,
            "DEC": 18.7455,
            "Ej": 0.0,
            "Name": "HI_z0.08491",
            "RA": 205.69541666666663,
            "Zion": [
                1,
                1
            ],
            "comment": "",
            "flag_N": 2,
            "lines": {},
            "logN": 17.91,
            "sig_logN": 0.27,
            "vlim": [
                -21.213203435596427,
                21.213203435596427
            ],
            "zcomp": 0.0849064419456476
        },
        "HI_z0.08551": {
            "A": null,
            "DEC": 18.7455,
            "Ej": 0.0,
            "Name": "HI_z0.08551",
            "RA": 205.69541666666663,
            "Zion": [
                1,
                1
            ],
            "comment": "",
            "flag_N": 2,
            "lines": {},
            "logN": 17.5,
            "sig_logN": 0.5,
            "vlim": [
                -31.112698372208094,
                31.112698372208094
            ],
            "zcomp": 0.08551431687757802
        }
    },
    "em_type": null,
    "name": "J134246.9+184443.8",
    "sl_type": "IGM",
    "user": "xavier",
    "zem": 0.383
}