{
    "CreationDate": "2016-Nov-17",
    "DEC": -0.8959194444444444,
    "RA": 205.71504166666665,
    "components": {
        "CII_z0.07133": {
            "A": null,
            "DEC": -0.8959194444444444,
            "Ej": 0.0,
            "Name": "CII_z0.07133",
            "RA": 205.71504166666665,
            "Zion": [
                6,
                2
            ],
            "comment": "",
            "flag_N": 1,
            "lines": {},
            "logN": 14.43,
            "sig_logN": 0.11,
            "vlim": [
                -25.455844122715714,
                25.455844122715714
            ],
            "zcomp": 0.07133245685893806
        },
        "CII_z0.07160": {
            "A": null,
            "DEC": -0.8959194444444444,
            "Ej": 0.0,
            "Name": "CII_z0.07160",
            "RA": 205.71504166666665,
            "Zion": [
                6,
                2
            ],
            "comment": "",
            "flag_N": 1,
            "lines": {},
            "logN": 13.85,
            "sig_logN": 0.28,
            "vlim": [
                -14140.721410168579,
                14140.721410168579
            ],
            "zcomp": 0.0716005773464788
        },
        "CII_z0.07170": {
            "A": null,
            "DEC": -0.8959194444444444,
            "Ej": 0.0,
            "Name": "CII_z0.07170",
            "RA": 205.71504166666665,
            "Zion": [
                6,
                2
            ],
            "comment": "",
            "flag_N": 1,
            "lines": {},
            "logN": 13.87,
            "sig_logN": 0.11,
            "vlim": [
                -48.083261120685236,
                48.083261120685236
            ],
            "zcomp": 0.07170067566182735
        },
        "CIV_z0.07133": {
            "A": null,
            "DEC": -0.8959194444444444,
            "Ej": 0.0,
            "Name": "CIV_z0.07133",
            "RA": 205.71504166666665,
            "Zion": [
                6,
                4
            ],
            "comment": "",
            "flag_N": 1,
            "lines": {},
            "logN": 13.54,
            "sig_logN": 0.1,
            "vlim": [
                -22.627416997969522,
                22.627416997969522
            ],
            "zcomp": 0.07133245685893806
        },
        "CIV_z0.07168": {
            "A": null,
            "DEC": -0.8959194444444444,
            "Ej": 0.0,
            "Name": "CIV_z0.07168",
            "RA": 205.71504166666665,
            "Zion": [
                6,
                4
            ],
            "comment": "",
            "flag_N": 1,
            "lines": {},
            "logN": 14.09,
            "sig_logN": 0.04,
            "vlim": [
                -55.15432893255071,
                55.15432893255071
            ],
            "zcomp": 0.07167922602282409
        },
        "CIV_z0.08801": {
            "A": null,
            "DEC": -0.8959194444444444,
            "Ej": 0.0,
            "Name": "CIV_z0.08801",
            "RA": 205.71504166666665,
            "Zion": [
                6,
                4
            ],
            "comment": "",
            "flag_N": 1,
            "lines": {},
            "logN": 13.86,
            "sig_logN": 0.08,
            "vlim": [
                -31.112698372208094,
                31.112698372208094
            ],
            "zcomp": 0.08801169317975305
        },
        "HI_z0.10749": {
            "A": null,
            "DEC": -0.8959194444444444,
            "Ej": 0.0,
            "Name": "HI_z0.10749",
            "RA": 205.71504166666665,
            "Zion": [
                1,
                1
            ],
            "comment": "",
            "flag_N": 2,
            "lines": {},
            "logN": 14.4,
            "sig_logN": 9999.0,
            "vlim": [
                -14140.721410168579,
                14140.721410168579
            ],
            "zcomp": 0.10748582339893287
        },
        "HI_z0.12424": {
            "A": null,
            "DEC": -0.8959194444444444,
            "Ej": 0.0,
            "Name": "HI_z0.12424",
            "RA": 205.71504166666665,
            "Zion": [
                1,
                1
            ],
            "comment": "",
            "flag_N": 2,
            "lines": {},
            "logN": 14.29,
            "sig_logN": 9999.0,
            "vlim": [
                -14140.721410168579,
                14140.721410168579
            ],
            "zcomp": 0.12423647672650924
        },
        "NII_z0.07134": {
            "A": null,
            "DEC": -0.8959194444444444,
            "Ej": 0.0,
            "Name": "NII_z0.07134",
            "RA": 205.71504166666665,
            "Zion": [
                7,
                2
            ],
            "comment": "",
            "flag_N": 1,
            "lines": {},
            "logN": 14.24,
            "sig_logN": 0.14,
            "vlim": [
                -26.870057685088806,
                26.870057685088806
            ],
            "zcomp": 0.07133603179877193
        },
        "NII_z0.07156": {
            "A": null,
            "DEC": -0.8959194444444444,
            "Ej": 0.0,
            "Name": "NII_z0.07156",
            "RA": 205.71504166666665,
            "Zion": [
                7,
                2
            ],
            "comment": "",
            "flag_N": 1,
            "lines": {},
            "logN": 13.41,
            "sig_logN": 0.62,
            "vlim": [
                -14140.721410168579,
                14140.721410168579
            ],
            "zcomp": 0.07156482794814004
        },
        "NII_z0.07176": {
            "A": null,
            "DEC": -0.8959194444444444,
            "Ej": 0.0,
            "Name": "NII_z0.07176",
            "RA": 205.71504166666665,
            "Zion": [
                7,
                2
            ],
            "comment": "",
            "flag_N": 1,
            "lines": {},
            "logN": 13.96,
            "sig_logN": 0.2,
            "vlim": [
                -35.35533905932738,
                35.35533905932738
            ],
            "zcomp": 0.07175787469916939
        },
        "OI_z0.07135": {
            "A": null,
            "DEC": -0.8959194444444444,
            "Ej": 0.0,
            "Name": "OI_z0.07135",
            "RA": 205.71504166666665,
            "Zion": [
                8,
                1
            ],
            "comment": "",
            "flag_N": 1,
            "lines": {},
            "logN": 14.25,
            "sig_logN": 0.08,
            "vlim": [
                -18.38477631085024,
                18.38477631085024
            ],
            "zcomp": 0.07134675661827357
        },
        "SiIII_z0.07134": {
            "A": null,
            "DEC": -0.8959194444444444,
            "Ej": 0.0,
            "Name": "SiIII_z0.07134",
            "RA": 205.71504166666665,
            "Zion": [
                14,
                3
            ],
            "comment": "",
            "flag_N": 1,
            "lines": {},
            "logN": 13.29,
            "sig_logN": 0.07,
            "vlim": [
                -29.698484809834998,
                29.698484809834998
            ],
            "zcomp": 0.07133603179877193
        },
        "SiIII_z0.07161": {
            "A": null,
            "DEC": -0.8959194444444444,
            "Ej": 0.0,
            "Name": "SiIII_z0.07161",
            "RA": 205.71504166666665,
            "Zion": [
                14,
                3
            ],
            "comment": "",
            "flag_N": 1,
            "lines": {},
            "logN": 12.79,
            "sig_logN": 0.09,
            "vlim": [
                -15.556349186104047,
                15.556349186104047
            ],
            "zcomp": 0.07161487710581431
        },
        "SiIII_z0.07174": {
            "A": null,
            "DEC": -0.8959194444444444,
            "Ej": 0.0,