{
    "CreationDate": "2016-Nov-18",
    "DEC": 17.0789,
    "RA": 209.3025833333333,
    "class": "IGMSightline",
    "components": {
        "CII_z0.08365": {
            "A": null,
            "DEC": 17.0789,
            "Ej": 0.0,
            "Name": "CII_z0.08365",
            "RA": 209.3025833333333,
            "Zion": [
                6,
                2
            ],
            "class": "AbsComponent",
            "comment": "",
            "flag_N": 1,
            "lines": {},
            "logN": 13.7,
            "sig_logN": 0.05,
            "vlim": [
                -46.66904755831214,
                46.66904755831214
            ],
            "zcomp": 0.08365277059865195
        },
        "CII_z0.09788": {
            "A": null,
            "DEC": 17.0789,
            "Ej": 0.0,
            "Name": "CII_z0.09788",
            "RA": 209.3025833333333,
            "Zion": [
                6,
                2
            ],
            "class": "AbsComponent",
            "comment": "",
            "flag_N": 1,
            "lines": {},
            "logN": 13.99,
            "sig_logN": 0.04,
            "vlim": [
                -38.18376618407357,
                38.18376618407357
            ],
            "zcomp": 0.0978815458320169
        },
        "CIV_z0.08340": {
            "A": null,
            "DEC": 17.0789,
            "Ej": 0.0,
            "Name": "CIV_z0.08340",
            "RA": 209.3025833333333,
            "Zion": [
                6,
                4
            ],
            "class": "AbsComponent",
            "comment": "",
            "flag_N": 1,
            "lines": {},
            "logN": 13.6,
            "sig_logN": 0.11,
            "vlim": [
                -45.254833995939045,
                45.254833995939045
            ],
            "zcomp": 0.08340335625214428
        },
        "CIV_z0.08366": {
            "A": null,
            "DEC": 17.0789,
            "Ej": 0.0,
            "Name": "CIV_z0.08366",
            "RA": 209.3025833333333,
            "Zion": [
                6,
                4
            ],
            "class": "AbsComponent",
            "comment": "",
            "flag_N": 1,
            "lines": {},
            "logN": 13.95,
            "sig_logN": 0.07,
            "vlim": [
                -28.284271247461902,
                28.284271247461902
            ],
            "zcomp": 0.08366
        },
        "CIV_z0.09765": {
            "A": null,
            "DEC": 17.0789,
            "Ej": 0.0,
            "Name": "CIV_z0.09765",
            "RA": 209.3025833333333,
            "Zion": [
                6,
                4
            ],
            "class": "AbsComponent",
            "comment": "",
            "flag_N": 1,
            "lines": {},
            "logN": 13.61,
            "sig_logN": 0.17,
            "vlim": [
                -25.455844122715714,
                25.455844122715714
            ],
            "zcomp": 0.097654512168615
        },
        "CIV_z0.09787": {
            "A": null,
            "DEC": 17.0789,
            "Ej": 0.0,
            "Name": "CIV_z0.09787",
            "RA": 209.3025833333333,
            "Zion": [
                6,
                4
            ],
            "class": "AbsComponent",
            "comment": "",
            "flag_N": 1,
            "lines": {},
            "logN": 13.6,
            "sig_logN": 0.19,
            "vlim": [
                -55.15432893255071,
                55.15432893255071
            ],
            "zcomp": 0.0978668984988942
        },
        "HI_z0.11980": {
            "A": null,
            "DEC": 17.0789,
            "Ej": 0.0,
            "Name": "HI_z0.11980",
            "RA": 209.3025833333333,
            "Zion": [
                1,
                1
            ],
            "class": "AbsComponent",
            "comment": "",
            "flag_N": 2,
            "lines": {},
            "logN": 14.67,
            "sig_logN": 9999.0,
            "vlim": [
                -14140.721410168579,
                14140.721410168579
            ],
            "zcomp": 0.11980339203956891
        },
        "HI_z0.13440": {
            "A": null,
            "DEC": 17.0789,
            "Ej": 0.0,
            "Name": "HI_z0.13440",
            "RA": 209.3025833333333,
            "Zion": [
                1,
                1
            ],
            "class": "AbsComponent",
            "comment": "",
            "flag_N": 2,
            "lines": {},
            "logN": 14.59,
            "sig_logN": 9999.0,
            "vlim": [
                -14140.721410168579,
                14140.721410168579
            ],
            "zcomp": 0.13440467097347725
        },
        "SiIII_z0.08305": {
            "A": null,
            "DEC": 17.0789,
            "Ej": 0.0,
            "Name": "SiIII_z0.08305",
            "RA": 209.3025833333333,
            "Zion": [
                14,
                3
            ],
            "class": "AbsComponent",
            "comment": "",
            "flag_N": 1,
            "lines": {},
            "logN": 12.85,
            "sig_logN": 0.07,
            "vlim": [
                -52.32590180780452,
                52.32590180780452
            ],
            "zcomp": 0.08304550088541587
        },
        "SiIII_z0.08366": {
            "A": null,
            "DEC": 17.0789,
            "Ej": 0.0,
            "Name": "SiIII_z0.08366",
            "RA": 209.3025833333333,
            "Zion": [
                14,
                3
            ],
            "class": "AbsComponent",
            "comment": "",
            "flag_N": 1,
            "lines": {},
            "logN": 13.22,
            "sig_logN": 0.17,
            "vlim": [
                -21.213203435596427,
                21.213203435596427
            ],
            "zcomp": 0.08365638529932598
        },
        "SiIII_z0.09763": {
            "A": null,
            "DEC": 17.0789,
            "Ej": 0.0,
            "Name": "SiIII_z0.09763",
            "RA": 209.3025833333333,
            "Zion": [
                14,
                3
            ],
            "class": "AbsComponent",
            "comment": "",
            "flag_N": 1,
            "lines": {},
            "logN": 12.9,
            "sig_logN": 0.05,
            "vlim": [
                -24.041630560342618,
                24.041630560342618
            ],
            "zcomp": 0.09762887933565027
        },
        "SiIII_z0.09788": {
            "A": null,
            "DEC": 17.0789,
            "Ej": 0.0,
            "Name": "SiIII_z0.09788",
            "RA": 209.3025833333333,
            "Zion": [
                14,
                3
            ],
            "class": "AbsComponent",
            "comment": "",
            "flag_N": 2,
            "lines": {},
            "logN": 13.58,
            "sig_logN": 0.13,
            "vlim": [
                -29.698484809834998,
                29.698484809834998
            ],
            "zcomp": 0.0978815458320169
        },
        "SiII_z0.09788": {
            "A": null,
            "DEC": 17.0789,
            "Ej": 0.0,
            "Name": "SiII_z0.09788",
            "RA": 209.3025833333333,
            "Zion": [
                14,
                2
            ],
            "class": "AbsComponent",
            "comment": "",
            "flag_N": 1,
            "lines": {},
            "logN": 12.78,
            "sig_logN": 0.04,
            "vlim": [
                -31.112698372208094,
                31.112698372208094
            ],
            "zcomp": 0.0978815458320169
        },
        "SiIV_z0.08368": {
            "A": null,
            "DEC": 17.0789,
            "Ej": 0.0,
            "Name": "SiIV_z0.08368",
            "RA": 209.3025833333333,
            "Zion": [
                14,
                4
            ],
            "class": "AbsComponent",
            "comment": "",
            "flag_N": 1,