{
    "CreationDate": "2016-Nov-18",
    "DEC": -1.7863277777777777,
    "RA": 219.45116666666664,
    "class": "IGMSightline",
    "components": {
        "CIV_z0.13847": {
            "A": null,
            "DEC": -1.7863277777777777,
            "Ej": 0.0,
            "Name": "CIV_z0.13847",
            "RA": 219.45116666666664,
            "Zion": [
                6,
                4
            ],
            "class": "AbsComponent",
            "comment": "",
            "flag_N": 1,
            "lines": {},
            "logN": 13.4,
            "sig_logN": 0.04,
            "vlim": [
                -28.284271247461902,
                28.284271247461902
            ],
            "zcomp": 0.13846721443679547
        },
        "HI_z0.13850": {
            "A": null,
            "DEC": -1.7863277777777777,
            "Ej": 0.0,
            "Name": "HI_z0.13850",
            "RA": 219.45116666666664,
            "Zion": [
                1,
                1
            ],
            "class": "AbsComponent",
            "comment": "",
            "flag_N": 1,
            "lines": {},
            "logN": 14.7,
            "sig_logN": 0.02,
            "vlim": [
                -38.18376618407357,
                38.18376618407357
            ],
            "zcomp": 0.13849759518773486
        },
        "OVI_z0.13852": {
            "A": null,
            "DEC": -1.7863277777777777,
            "Ej": 0.0,
            "Name": "OVI_z0.13852",
            "RA": 219.45116666666664,
            "Zion": [
                8,
                6
            ],
            "class": "AbsComponent",
            "comment": "",
            "flag_N": 1,
            "lines": {},
            "logN": 13.79,
            "sig_logN": 0.03,
            "vlim": [
                -29.698484809834998,
                29.698484809834998
            ],
            "zcomp": 0.1385241783448068
        }
    },
    "em_type": null,
    "name": "J143748.28-014710.78",
    "sl_type": "IGM",
    "user": "xavier",
    "zem": 1.30791
}