{
    "CreationDate": "2016-Nov-18",
    "DEC": 50.76551111111111,
    "RA": 219.35891666666666,
    "class": "IGMSightline",
    "components": {
        "CII_z0.12966": {
            "A": null,
            "DEC": 50.76551111111111,
            "Ej": 0.0,
            "Name": "CII_z0.12966",
            "RA": 219.35891666666666,
            "Zion": [
                6,
                2
            ],
            "class": "AbsComponent",
            "comment": "",
            "flag_N": 1,
            "lines": {},
            "logN": 14.21,
            "sig_logN": 0.15,
            "vlim": [
                -100.40916292848975,
                100.40916292848975
            ],
            "zcomp": 0.12966101200978178
        },
        "CIV_z0.12971": {
            "A": null,
            "DEC": 50.76551111111111,
            "Ej": 0.0,
            "Name": "CIV_z0.12971",
            "RA": 219.35891666666666,
            "Zion": [
                6,
                4
            ],
            "class": "AbsComponent",
            "comment": "",
            "flag_N": 2,
            "lines": {},
            "logN": 14.62,
            "sig_logN": 9999.0,
            "vlim": [
                -100.0,
                100.0
            ],
            "zcomp": 0.12971
        },
        "HI_z0.12971": {
            "A": null,
            "DEC": 50.76551111111111,
            "Ej": 0.0,
            "Name": "HI_z0.12971",
            "RA": 219.35891666666666,
            "Zion": [
                1,
                1
            ],
            "class": "AbsComponent",
            "comment": "",
            "flag_N": 2,
            "lines": {},
            "logN": 14.46,
            "sig_logN": 9999.0,
            "vlim": [
                -100.0,
                100.0
            ],
            "zcomp": 0.12971
        },
        "NV_z0.12977": {
            "A": null,
            "DEC": 50.76551111111111,
            "Ej": 0.0,
            "Name": "NV_z0.12977",
            "RA": 219.35891666666666,
            "Zion": [
                7,
                5
            ],
            "class": "AbsComponent",
            "comment": "",
            "flag_N": 2,
            "lines": {},
            "logN": 14.13,
            "sig_logN": 0.2,
            "vlim": [
                -50.91168824543143,
                50.91168824543143
            ],
            "zcomp": 0.12976652460409793
        },
        "OVI_z0.12975": {
            "A": null,
            "DEC": 50.76551111111111,
            "Ej": 0.0,
            "Name": "OVI_z0.12975",
            "RA": 219.35891666666666,
            "Zion": [
                8,
                6
            ],
            "class": "AbsComponent",
            "comment": "",
            "flag_N": 2,
            "lines": {},
            "logN": 14.61,
            "sig_logN": 0.2,
            "vlim": [
                -52.32590180780452,
                52.32590180780452
            ],
            "zcomp": 0.12974768306939863
        },
        "SiIII_z0.12971": {
            "A": null,
            "DEC": 50.76551111111111,
            "Ej": 0.0,
            "Name": "SiIII_z0.12971",
            "RA": 219.35891666666666,
            "Zion": [
                14,
                3
            ],
            "class": "AbsComponent",
            "comment": "",
            "flag_N": 2,
            "lines": {},
            "logN": 13.06,
            "sig_logN": 9999.0,
            "vlim": [
                -100.0,
                100.0
            ],
            "zcomp": 0.12971
        }
    },
    "em_type": null,
    "name": "J143726.14+504555.84",
    "sl_type": "IGM",
    "user": "xavier",
    "zem": 0.783
}