{
    "CreationDate": "2016-Nov-17",
    "DEC": 34.47373888888889,
    "RA": 221.29699999999997,
    "class": "IGMSightline",
    "components": {
        "CIV_z0.00553": {
            "A": null,
            "DEC": 34.47373888888889,
            "Ej": 0.0,
            "Name": "CIV_z0.00553",
            "RA": 221.29699999999997,
            "Zion": [
                6,
                4
            ],
            "class": "AbsComponent",
            "comment": "",
            "flag_N": 2,
            "lines": {},
            "logN": 14.15,
            "sig_logN": 0.13,
            "vlim": [
                -24.041630560342618,
                24.041630560342618
            ],
            "zcomp": 0.005533601397070503
        },
        "HI_z0.00549": {
            "A": null,
            "DEC": 34.47373888888889,
            "Ej": 0.0,
            "Name": "HI_z0.00549",
            "RA": 221.29699999999997,
            "Zion": [
                1,
                1
            ],
            "class": "AbsComponent",
            "comment": "",
            "flag_N": 3,
            "lines": {},
            "logN": 0.0,
            "sig_logN": 0.0,
            "vlim": [
                -14140.721410168579,
                14140.721410168579
            ],
            "zcomp": 0.00549
        },
        "NV_z0.00555": {
            "A": null,
            "DEC": 34.47373888888889,
            "Ej": 0.0,
            "Name": "NV_z0.00555",
            "RA": 221.29699999999997,
            "Zion": [
                7,
                5
            ],
            "class": "AbsComponent",
            "comment": "",
            "flag_N": 1,
            "lines": {},
            "logN": 13.94,
            "sig_logN": 0.09,
            "vlim": [
                -41.01219330881976,
                41.01219330881976
            ],
            "zcomp": 0.005547017211553734
        }
    },
    "em_type": null,
    "name": "J144511.28+342825.46",
    "sl_type": "IGM",
    "user": "xavier",
    "zem": 0.697
}