{
    "CreationDate": "2016-Nov-18",
    "DEC": 9.974755555555555,
    "RA": 231.10220833333332,
    "class": "IGMSightline",
    "components": {
        "CIV_z0.07521": {
            "A": null,
            "DEC": 9.974755555555555,
            "Ej": 0.0,
            "Name": "CIV_z0.07521",
            "RA": 231.10220833333332,
            "Zion": [
                6,
                4
            ],
            "class": "AbsComponent",
            "comment": "",
            "flag_N": 1,
            "lines": {},
            "logN": 13.56,
            "sig_logN": 0.05,
            "vlim": [
                -12.727922061357857,
                12.727922061357857
            ],
            "zcomp": 0.07520848051267522
        },
        "HI_z0.07514": {
            "A": null,
            "DEC": 9.974755555555555,
            "Ej": 0.0,
            "Name": "HI_z0.07514",
            "RA": 231.10220833333332,
            "Zion": [
                1,
                1
            ],
            "class": "AbsComponent",
            "comment": "",
            "flag_N": 1,
            "lines": {},
            "logN": 13.87,
            "sig_logN": 0.02,
            "vlim": [
                -36.76955262170048,
                36.76955262170048
            ],
            "zcomp": 0.07514392205070082
        },
        "NV_z0.07522": {
            "A": null,
            "DEC": 9.974755555555555,
            "Ej": 0.0,
            "Name": "NV_z0.07522",
            "RA": 231.10220833333332,
            "Zion": [
                7,
                5
            ],
            "class": "AbsComponent",
            "comment": "",
            "flag_N": 1,
            "lines": {},
            "logN": 13.19,
            "sig_logN": 0.08,
            "vlim": [
                -14.142135623730951,
                14.142135623730951
            ],
            "zcomp": 0.0752156536751168
        }
    },
    "em_type": null,
    "name": "J152424.53+095829.12",
    "sl_type": "IGM",
    "user": "xavier",
    "zem": 1.32785
}