{
    "CreationDate": "2016-Nov-17",
    "DEC": 3.6248,
    "RA": 230.41529166666663,
    "components": {
        "CIV_z0.09673": {
            "A": null,
            "DEC": 3.6248,
            "Ej": 0.0,
            "Name": "CIV_z0.09673",
            "RA": 230.41529166666663,
            "Zion": [
                6,
                4
            ],
            "comment": "",
            "flag_N": 2,
            "lines": {},
            "logN": 14.21,
            "sig_logN": 0.12,
            "vlim": [
                -56.568542494923804,
                56.568542494923804
            ],
            "zcomp": 0.09672536667656931
        },
        "HI_z0.13332": {
            "A": null,
            "DEC": 3.6248,
            "Ej": 0.0,
            "Name": "HI_z0.13332",
            "RA": 230.41529166666663,
            "Zion": [
                1,
                1
            ],
            "comment": "",
            "flag_N": 2,
            "lines": {},
            "logN": 14.56,
            "sig_logN": 9999.0,
            "vlim": [
                -14140.721410168579,
                14140.721410168579
            ],
            "zcomp": 0.13331965024590448
        }
    },
    "em_type": null,
    "name": "J152139.67+033729.28",
    "sl_type": "IGM",
    "user": "xavier",
    "zem": 0.126
}