{
    "CreationDate": "2016-Nov-18",
    "DEC": 35.80795,
    "RA": 238.27049999999994,
    "class": "IGMSightline",
    "components": {
        "CII_z0.08286": {
            "A": null,
            "DEC": 35.80795,
            "Ej": 0.0,
            "Name": "CII_z0.08286",
            "RA": 238.27049999999994,
            "Zion": [
                6,
                2
            ],
            "class": "AbsComponent",
            "comment": "",
            "flag_N": 1,
            "lines": {},
            "logN": 14.52,
            "sig_logN": 0.05,
            "vlim": [
                -38.18376618407357,
                38.18376618407357
            ],
            "zcomp": 0.08286304141373696
        },
        "CIV_z0.08288": {
            "A": null,
            "DEC": 35.80795,
            "Ej": 0.0,
            "Name": "CIV_z0.08288",
            "RA": 238.27049999999994,
            "Zion": [
                6,
                4
            ],
            "class": "AbsComponent",
            "comment": "",
            "flag_N": 1,
            "lines": {},
            "logN": 14.01,
            "sig_logN": 0.07,
            "vlim": [
                -57.9827560572969,
                57.9827560572969
            ],
            "zcomp": 0.08288471460739683
        },
        "FeII_z0.08289": {
            "A": null,
            "DEC": 35.80795,
            "Ej": 0.0,
            "Name": "FeII_z0.08289",
            "RA": 238.27049999999994,
            "Zion": [
                26,
                2
            ],
            "class": "AbsComponent",
            "comment": "",
            "flag_N": 1,
            "lines": {},
            "logN": 14.08,
            "sig_logN": 0.15,
            "vlim": [
                -12.727922061357857,
                12.727922061357857
            ],
            "zcomp": 0.08289193900528345
        },
        "HI_z0.08276": {
            "A": null,
            "DEC": 35.80795,
            "Ej": 0.0,
            "Name": "HI_z0.08276",
            "RA": 238.27049999999994,
            "Zion": [
                1,
                1
            ],
            "class": "AbsComponent",
            "comment": "",
            "flag_N": 2,
            "lines": {},
            "logN": 19.53,
            "sig_logN": 0.1,
            "vlim": [
                -100.0,
                100.0
            ],
            "zcomp": 0.08275828764438097
        },
        "HI_z0.08348": {
            "A": null,
            "DEC": 35.80795,
            "Ej": 0.0,
            "Name": "HI_z0.08348",
            "RA": 238.27049999999994,
            "Zion": [
                1,
                1
            ],
            "class": "AbsComponent",
            "comment": "",
            "flag_N": 2,
            "lines": {},
            "logN": 18.67,
            "sig_logN": 0.55,
            "vlim": [
                -35.35533905932738,
                35.35533905932738
            ],
            "zcomp": 0.08347711523409972
        },
        "NII_z0.08288": {
            "A": null,
            "DEC": 35.80795,
            "Ej": 0.0,
            "Name": "NII_z0.08288",
            "RA": 238.27049999999994,
            "Zion": [
                7,
                2
            ],
            "class": "AbsComponent",
            "comment": "",
            "flag_N": 1,
            "lines": {},
            "logN": 14.28,
            "sig_logN": 0.06,
            "vlim": [
                -45.254833995939045,
                45.254833995939045
            ],
            "zcomp": 0.08288110240845352
        },
        "OI_z0.08286": {
            "A": null,
            "DEC": 35.80795,
            "Ej": 0.0,
            "Name": "OI_z0.08286",
            "RA": 238.27049999999994,
            "Zion": [
                8,
                1
            ],
            "class": "AbsComponent",
            "comment": "",
            "flag_N": 1,
            "lines": {},
            "logN": 14.72,
            "sig_logN": 0.08,
            "vlim": [
                -29.698484809834998,
                29.698484809834998
            ],
            "zcomp": 0.08286304141373696
        },
        "SiIII_z0.08292": {
            "A": null,
            "DEC": 35.80795,
            "Ej": 0.0,
            "Name": "SiIII_z0.08292",
            "RA": 238.27049999999994,
            "Zion": [
                14,
                3
            ],
            "class": "AbsComponent",
            "comment": "",
            "flag_N": 2,
            "lines": {},
            "logN": 13.42,
            "sig_logN": 0.09,
            "vlim": [
                -39.59797974644666,
                39.59797974644666
            ],
            "zcomp": 0.08292444879577324
        },
        "SiII_z0.08284": {
            "A": null,
            "DEC": 35.80795,
            "Ej": 0.0,
            "Name": "SiII_z0.08284",
            "RA": 238.27049999999994,
            "Zion": [
                14,
                2
            ],
            "class": "AbsComponent",
            "comment": "",
            "flag_N": 1,
            "lines": {},
            "logN": 14.14,
            "sig_logN": 0.08,
            "vlim": [
                -26.870057685088806,
                26.870057685088806
            ],
            "zcomp": 0.08284136822007711
        },
        "SiIV_z0.08289": {
            "A": null,
            "DEC": 35.80795,
            "Ej": 0.0,
            "Name": "SiIV_z0.08289",
            "RA": 238.27049999999994,
            "Zion": [
                14,
                4
            ],
            "class": "AbsComponent",
            "comment": "",
            "flag_N": 1,
            "lines": {},
            "logN": 13.3,
            "sig_logN": 0.07,
            "vlim": [
                -42.42640687119285,
                42.42640687119285
            ],
            "zcomp": 0.08289193900528345
        }
    },
    "em_type": null,
    "name": "J155304.92+354828.62",
    "sl_type": "IGM",
    "user": "xavier",
    "zem": 0.722
}