{
    "CreationDate": "2016-Nov-18",
    "DEC": 33.71066944444445,
    "RA": 244.8189583333333,
    "class": "IGMSightline",
    "components": {
        "CII_z0.09599": {
            "A": null,
            "DEC": 33.71066944444445,
            "Ej": 0.0,
            "Name": "CII_z0.09599",
            "RA": 244.8189583333333,
            "Zion": [
                6,
                2
            ],
            "class": "AbsComponent",
            "comment": "",
            "flag_N": 1,
            "lines": {},
            "logN": 14.06,
            "sig_logN": 0.02,
            "vlim": [
                -33.941125496954285,
                33.941125496954285
            ],
            "zcomp": 0.0959896619462655
        },
        "CII_z0.09639": {
            "A": null,
            "DEC": 33.71066944444445,
            "Ej": 0.0,
            "Name": "CII_z0.09639",
            "RA": 244.8189583333333,
            "Zion": [
                6,
                2
            ],
            "class": "AbsComponent",
            "comment": "",
            "flag_N": 1,
            "lines": {},
            "logN": 14.35,
            "sig_logN": 0.06,
            "vlim": [
                -21.213203435596427,
                21.213203435596427
            ],
            "zcomp": 0.09639194258002313
        },
        "CIV_z0.09595": {
            "A": null,
            "DEC": 33.71066944444445,
            "Ej": 0.0,
            "Name": "CIV_z0.09595",
            "RA": 244.8189583333333,
            "Zion": [
                6,
                4
            ],
            "class": "AbsComponent",
            "comment": "",
            "flag_N": 1,
            "lines": {},
            "logN": 13.82,
            "sig_logN": 0.05,
            "vlim": [
                -21.213203435596427,
                21.213203435596427
            ],
            "zcomp": 0.09595309097956026
        },
        "CIV_z0.09634": {
            "A": null,
            "DEC": 33.71066944444445,
            "Ej": 0.0,
            "Name": "CIV_z0.09634",
            "RA": 244.8189583333333,
            "Zion": [
                6,
                4
            ],
            "class": "AbsComponent",
            "comment": "",
            "flag_N": 1,
            "lines": {},
            "logN": 13.7,
            "sig_logN": 0.07,
            "vlim": [
                -104.65180361560904,
                104.65180361560904
            ],
            "zcomp": 0.09634440032330632
        },
        "FeIII_z0.09639": {
            "A": null,
            "DEC": 33.71066944444445,
            "Ej": 0.0,
            "Name": "FeIII_z0.09639",
            "RA": 244.8189583333333,
            "Zion": [
                26,
                3
            ],
            "class": "AbsComponent",
            "comment": "",
            "flag_N": 1,
            "lines": {},
            "logN": 13.82,
            "sig_logN": 0.1,
            "vlim": [
                -56.568542494923804,
                56.568542494923804
            ],
            "zcomp": 0.09638828548335261
        },
        "FeII_z0.09636": {
            "A": null,
            "DEC": 33.71066944444445,
            "Ej": 0.0,
            "Name": "FeII_z0.09636",
            "RA": 244.8189583333333,
            "Zion": [
                26,
                2
            ],
            "class": "AbsComponent",
            "comment": "",
            "flag_N": 1,
            "lines": {},
            "logN": 13.94,
            "sig_logN": 0.05,
            "vlim": [
                -19.79898987322333,
                19.79898987322333
            ],
            "zcomp": 0.0963553716133179
        },
        "HI_z0.09641": {
            "A": null,
            "DEC": 33.71066944444445,
            "Ej": 0.0,
            "Name": "HI_z0.09641",
            "RA": 244.8189583333333,
            "Zion": [
                1,
                1
            ],
            "class": "AbsComponent",
            "comment": "",
            "flag_N": 2,
            "lines": {},
            "logN": 20.53,
            "sig_logN": 0.01,
            "vlim": [
                -178.19090885901,
                178.19090885901
            ],
            "zcomp": 0.09640657096670524
        },
        "NII_z0.09631": {
            "A": null,
            "DEC": 33.71066944444445,
            "Ej": 0.0,
            "Name": "NII_z0.09631",
            "RA": 244.8189583333333,
            "Zion": [
                7,
                2
            ],
            "class": "AbsComponent",
            "comment": "",
            "flag_N": 1,
            "lines": {},
            "logN": 15.94,
            "sig_logN": 0.3,
            "vlim": [
                -100.0,
                100.0
            ],
            "zcomp": 0.09631148645327162
        },
        "NI_z0.09634": {
            "A": null,
            "DEC": 33.71066944444445,
            "Ej": 0.0,
            "Name": "NI_z0.09634",
            "RA": 244.8189583333333,
            "Zion": [
                7,
                1
            ],
            "class": "AbsComponent",
            "comment": "",
            "flag_N": 1,
            "lines": {},
            "logN": 13.99,
            "sig_logN": 0.08,
            "vlim": [
                -11.313708498984761,
                11.313708498984761
            ],
            "zcomp": 0.0963407432266358
        },
        "OI_z0.09637": {
            "A": null,
            "DEC": 33.71066944444445,
            "Ej": 0.0,
            "Name": "OI_z0.09637",
            "RA": 244.8189583333333,
            "Zion": [
                8,
                1
            ],
            "class": "AbsComponent",
            "comment": "",
            "flag_N": 1,
            "lines": {},
            "logN": 14.55,
            "sig_logN": 0.03,
            "vlim": [
                -24.041630560342618,
                24.041630560342618
            ],
            "zcomp": 0.09636634290332947
        },
        "OVI_z0.09581": {
            "A": null,
            "DEC": 33.71066944444445,
            "Ej": 0.0,
            "Name": "OVI_z0.09581",
            "RA": 244.8189583333333,
            "Zion": [
                8,
                6
            ],
            "class": "AbsComponent",
            "comment": "",
            "flag_N": 1,
            "lines": {},
            "logN": 14.8,
            "sig_logN": 0.07,
            "vlim": [
                -59.396969619669996,
                59.396969619669996
            ],
            "zcomp": 0.0958068071127393
        },
        "PII_z0.09634": {
            "A": null,
            "DEC": 33.71066944444445,
            "Ej": 0.0,
            "Name": "PII_z0.09634",
            "RA": 244.8189583333333,
            "Zion": [
                15,
                2
            ],
            "class": "AbsComponent",
            "comment": "",
            "flag_N": 1,
            "lines": {},
            "logN": 13.03,
            "sig_logN": 0.19,
            "vlim": [
                -16.970562748477143,
                16.970562748477143
            ],
            "zcomp": 0.09634440032330632
        },
        "SII_z0.09633": {
            "A": null,
            "DEC": 33.71066944444445,
            "Ej": 0.0,
            "Name": "SII_z0.09633",
            "RA": 244.8189583333333,
            "Zion": [
                16,
                2
            ],
            "class": "AbsComponent",
            "comment": "",
            "flag_N": 1,
            "lines": {},
            "logN": 14.93,
            "sig_logN": 0.07,
            "vlim": [
                -100.0,
                100.0
            ],
            "zcomp": 0.09633342903329475
        },
        "SiIII_z0.09640": {
            "A": null,
            "DEC": 33.71066944444445,
            "Ej": 0.0,
            "Name": "SiIII_z0.09640",
            "RA": 244.8189583333333,
            "Zion": [
                14,
                3
            ],